六町, 1
小岩, 1
成増, 1
成瀬, 1
是政, 1
相原, 1
秋津, 1
稲城, 1
篠崎, 1
葛西, 1
金町, 1
鶴川, 1
品川, 11
上野, 12
新橋, 13
東京, 14
池袋, 14
渋谷, 14
上町, 2
中神, 2
亀有, 2
井荻, 2
京橋, 2
仙川, 2
保谷, 2
入谷, 2
八坂, 2
八広, 2
初台, 2
十条, 2
千石, 2
南平, 2
原宿, 2
古里, 2
台場, 2
向原, 2
国立, 2
国領, 2
堀切, 2
多磨, 2
大塚, 2
大山, 2
大島, 2
大森, 2
奥沢, 2
宝町, 2
小作, 2
小台, 2
小宮, 2
小菅, 2
山下, 2
山田, 2
川井, 2
布田, 2
平井, 2
広尾, 2
府中, 2
御嶽, 2
志茂, 2
戸越, 2
昭島, 2
曙橋, 2
有明, 2
木場, 2
東雲, 2
松原, 2
板橋, 2
柴又, 2
柴崎, 2
栄町, 2
根津, 2
桜台, 2
梅島, 2
梶原, 2
江北, 2
池上, 2
沢井, 2
河辺, 2
沼袋, 2
沼部, 2
洗足, 2
浜町, 2
清瀬, 2
湯島, 2
潮見, 2
熊川, 2
片倉, 2
牛浜, 2
牛田, 2
狛江, 2
狭間, 2
瑞江, 2
用賀, 2
田無, 2
町田, 2
白丸, 2
白山, 2
目白, 2
矢川, 2
神泉, 2
福生, 2
秋川, 2
立飛, 2
竹橋, 2
竹芝, 2
築地, 2
糀谷, 2
経堂, 2
羽村, 2
舎人, 2
船堀, 2
若林, 2
菊川, 2
落合, 2
蓮根, 2
蓮沼, 2
西台, 2
西府, 2
谷保, 2
赤坂, 2
軍畑, 2
辰巳, 2
野方, 2
長原, 2
長沼, 2
雑色, 2
青井, 2
青梅, 2
青海, 2
馬込, 2
高松, 2
高野, 2
鮫洲, 2
麹町, 2
新宿, 22
亀戸, 3
北野, 3
小平, 3
曳舟, 3
笹塚, 3
蒲田, 3
調布, 3
豊洲, 3
三田, 4
両国, 4
中井, 4
中延, 4
住吉, 4
千川, 4
大門, 4
小川, 4
尾久, 4
巣鴨, 4
日野, 4
春日, 4
月島, 4
森下, 4
汐留, 4
王子, 4
田町, 4
田端, 4
町屋, 4
綾瀬, 4
萩山, 4
蔵前, 4
要町, 4
豊田, 4
駒込, 4
鶯谷, 4
中野, 5
目黒, 5
荻窪, 5
高尾, 5
大崎, 6
拝島, 6
浅草, 6
練馬, 6
赤羽, 6
銀座, 6
青砥, 6
三鷹, 7
神田, 8
立川, 8
上北台, 1
光が丘, 1
北綾瀬, 1
唐木田, 1
多摩境, 1
多摩湖, 1
大師前, 1
奥多摩, 1
新柴又, 1
新秋津, 1
方南町, 1
江戸川, 1
矢野口, 1
竹ノ塚, 1
西武園, 1
西馬込, 1
四ツ谷, 10
大手町, 10
飯田橋, 10
日暮里, 11
一之江, 2
万願寺, 2
三ノ輪, 2
三河島, 2
三鷹台, 2
上中里, 2
上井草, 2
上北沢, 2
上板橋, 2
上野毛, 2
下丸子, 2
下井草, 2
下板橋, 2
下神明, 2
下落合, 2
下赤塚, 2
不動前, 2
世田谷, 2
中村橋, 2
中板橋, 2
中河原, 2
乃木坂, 2
久が原, 2
久我山, 2
久米川, 2
九品仏, 2
二俣尾, 2
五反野, 2
代官山, 2
代田橋, 2
信濃町, 2
八幡山, 2
内幸町, 2
勝どき, 2
北千束, 2
北参道, 2
北品川, 2
北府中, 2
北池袋, 2
北赤羽, 2
千駄木, 2
千鳥町, 2
半蔵門, 2
南多摩, 2
南大沢, 2
南新宿, 2
南砂町, 2
参宮橋, 2
喜多見, 2
四ツ木, 2
外苑前, 2
大久保, 2
大森町, 2
大鳥居, 2
宮の坂, 2
宮ノ前, 2
宮ノ平, 2
小川町, 2
小村井, 2
尾山台, 2
岩本町, 2
市ヶ谷, 2
市場前, 2
幡ヶ谷, 2
平和島, 2
庚申塚, 2
御嶽山, 2
御成門, 2
恋ヶ窪, 2
扇大橋, 2
整備場, 2
新中野, 2
新代田, 2
新大塚, 2
新富町, 2
新小平, 2
新板橋, 2
新桜台, 2
新豊洲, 2
新馬場, 2
日の出, 2
昭和島, 2
末広町, 2
本蓮沼, 2
本駒込, 2
東中神, 2
東伏見, 2
東北沢, 2
東十条, 2
東向島, 2
東大前, 2
東大島, 2
東松原, 2
東池袋, 2
東福生, 2
東秋留, 2
東長崎, 2
東陽町, 2
東青梅, 2
松が谷, 2
桜上水, 2
桜新町, 2
桜田門, 2
桜街道, 2
梅ヶ丘, 2
梅屋敷, 2
椎名町, 2
武蔵関, 2
永福町, 2
江古田, 2
池ノ上, 2
洗足池, 2
浜田山, 2
淡路町, 2
田原町, 2
白糸台, 2
百草園, 2
矢口渡, 2
石川台, 2
石神前, 2
祐天寺, 2
神楽坂, 2
神谷町, 2
程久保, 2
稲荷町, 2
立会川, 2
立川北, 2
立川南, 2
等々力, 2
緑が丘, 2
芝公園, 2
茗荷谷, 2
荏原町, 2
虎ノ門, 2
西ケ原, 2
西国立, 2
西大井, 2
西大島, 2
西小山, 2
西巣鴨, 2
西新宿, 2
西永福, 2
西立川, 2
西葛西, 2
西調布, 2
護国寺, 2
谷在家, 2
豪徳寺, 2
赤羽橋, 2
越中島, 2
鐘ヶ淵, 2
面影橋, 2
飛田給, 2
飛鳥山, 2
馬喰町, 2
高井戸, 2
高島平, 2
高輪台, 2
鳩ノ巣, 2
鵜の木, 2
鷹の台, 2
鷺ノ宮, 2
中目黒, 3
多摩川, 3
新小岩, 3
早稲田, 3
東府中, 3
東村山, 3
武蔵境, 3
泉岳寺, 3
西新井, 3
豊島園, 3
都庁前, 3
三越前, 4
下北沢, 4
人形町, 4
八丁堀, 4
六本木, 4
大岡山, 4
天空橋, 4
平和台, 4
後楽園, 4
御徒町, 4
新木場, 4
旗の台, 4
明大前, 4
東中野, 4
東新宿, 4
東銀座, 4
水道橋, 4
氷川台, 4
浅草橋, 4
熊野前, 4
白金台, 4
茅場町, 4
西荻窪, 4
高円寺, 4
五反田, 5
大井町, 5
浜松町, 5
九段下, 6
代々木, 6
南千住, 6
市ケ谷, 6
日本橋, 6
日比谷, 6
有楽町, 6
永田町, 6
神保町, 6
表参道, 6
錦糸町, 6
霞ケ関, 6
八王子, 8
国分寺, 8
恵比寿, 8
北千住, 9
吉祥寺, 9
秋葉原, 9
つくし野, 1
三ノ輪橋, 1
京成金町, 1
京王永山, 1
六郷土手, 1
新線新宿, 1
浮間舟渡, 1
箱根ケ崎, 1
西武新宿, 1
西高島平, 1
赤羽岩淵, 1
高尾山口, 1
お花茶屋, 2
ときわ台, 2
めじろ台, 2
一橋学園, 2
上石神井, 2
中野新橋, 2
亀戸水神, 2
二子玉川, 2
二重橋前, 2
京成上野, 2
京成小岩, 2
京成曳舟, 2
京成立石, 2
京成関屋, 2
京王片倉, 2
仲御徒町, 2
北八王子, 2
千住大橋, 2
千歳烏山, 2
千歳船橋, 2
千駄ケ谷, 2
多磨霊園, 2
大塚駅前, 2
大森海岸, 2
大泉学園, 2
学習院下, 2
学芸大学, 2
富士見台, 2
小伝馬町, 2
巣鴨新田, 2
志村坂上, 2
戸越公園, 2
戸越銀座, 2
新三河島, 2
新大久保, 2
新宿西口, 2
新小金井, 2
新庚申塚, 2
新整備場, 2
新日本橋, 2
新江古田, 2
新高円寺, 2
新高島平, 2
日向和田, 2
東あずま, 2
東久留米, 2
東大和市, 2
東小金井, 2
東日本橋, 2
東武練馬, 2
東高円寺, 2
板橋本町, 2
武蔵増戸, 2
武蔵大和, 2
武蔵小山, 2
武蔵引田, 2
武蔵新田, 2
武蔵砂川, 2
武蔵野台, 2
水天宮前, 2
江戸川橋, 2
池尻大橋, 2
泉体育館, 2
牛込柳町, 2
王子神谷, 2
王子駅前, 2
甲州街道, 2
町屋駅前, 2
砂川七番, 2
稲城長沼, 2
穴守稲荷, 2
競艇場前, 2
築地市場, 2
舎人公園, 2
芝浦ふ頭, 2
芦花公園, 2
花小金井, 2
若松河田, 2
荏原中延, 2
西太子堂, 2
西早稲田, 2
西武柳沢, 2
西武立川, 2
足立小台, 2
都立大学, 2
都立家政, 2
雑司が谷, 2
青梅街道, 2
青物横丁, 2
馬喰横山, 2
駒沢大学, 2
三軒茶屋, 3
下高井戸, 3
京急蒲田, 3
府中本町, 3
分倍河原, 4
新御徒町, 4
清澄白河, 4
溜池山王, 4
玉川上水, 4
田園調布, 4
白金高輪, 4
自由が丘, 4
西八王子, 4
西国分寺, 4
赤坂見附, 4
門前仲町, 4
阿佐ケ谷, 4
麻布十番, 4
中野坂上, 5
小竹向原, 5
高幡不動, 5
京成高砂, 6
御茶ノ水, 6
高田馬場, 6
西日暮里, 8
京王八王子, 1
京王多摩川, 1
和泉多摩川, 1
小田急永山, 1
武蔵五日市, 1
すずかけ台, 2
つつじヶ丘, 2
ひばりヶ丘, 2
上野広小路, 2
上野御徒町, 2
世田谷代田, 2
井の頭公園, 2
京王堀之内, 2
代々木八幡, 2
代々木公園, 2
南阿佐ケ谷, 2
四谷三丁目, 2
国立競技場, 2
国際展示場, 2
地下鉄成増, 2
堀切菖蒲園, 2
大崎広小路, 2
富士見ヶ丘, 2
志村三丁目, 2
成城学園前, 2
新井薬師前, 2
新宿御苑前, 2
新御茶ノ水, 2
本所吾妻橋, 2
松陰神社前, 2
柴崎体育館, 2
武蔵小金井, 2
牛込神楽坂, 2
玉川学園前, 2
町屋二丁目, 2
石神井公園, 2
練馬春日町, 2
練馬高野台, 2
聖蹟桜ヶ丘, 2
荒川一中前, 2
荒川七丁目, 2
荒川二丁目, 2
荒川車庫前, 2
落合南長崎, 2
銀座一丁目, 2
雪が谷大塚, 2
駒場東大前, 2
鬼子母神前, 2
代々木上原, 3
地下鉄赤塚, 4
本郷三丁目, 4
新宿三丁目, 6
青山一丁目, 6
羽田空港第1・第2ターミナル, 1
羽田空港第1ターミナル, 2
羽田空港第2ターミナル, 1
羽田空港第3ターミナル, 4
多摩センター, 1
葛西臨海公園, 1
中野富士見町, 2
六本木一丁目, 2
大井競馬場前, 2
平山城址公園, 2
東尾久三丁目, 2
東池袋四丁目, 2
板橋区役所前, 2
流通センター, 2
滝野川一丁目, 2
祖師ヶ谷大蔵, 2
荒川区役所前, 2
荒川遊園地前, 2
虎ノ門ヒルズ, 2
西ヶ原四丁目, 2
西新井大師西, 2
西新宿五丁目, 2
赤土小学校前, 2
都電雑司ヶ谷, 2
多摩動物公園, 3
国会議事堂前, 4
天王洲アイル, 4
府中競馬正門前, 1
見沼代親水公園, 1
お台場海浜公園, 2
八王子みなみ野, 2
品川シーサイド, 2
大塚・帝京大学, 2
有明テニスの森, 2
東京テレポート, 2
テレコムセンター, 2
京王多摩センター, 2
東京ビッグサイト, 2
高輪ゲートウェイ, 2
京王よみうりランド, 1
中央大学・明星大学, 2
小田急多摩センター, 2
明治神宮前〈原宿〉, 4
とうきょうスカイツリー, 2
押上（スカイツリー前）, 2
押上〈スカイツリー前〉, 3
南町田グランベリーパーク, 1
東京国際クルーズターミナル, 2
